gameId,gameDateTimeEst,hometeamCity,hometeamName,hometeamId,awayteamCity,awayteamName,awayteamId,homeScore,awayScore,winner,gameType,attendance,arenaId,gameLabel,gameSubLabel,seriesGameNumber,home_gameId,home_teamId,home_team_rolling_assists,home_team_rolling_blocks,home_team_rolling_steals,home_team_rolling_fieldGoalsPercentage,home_team_rolling_threePointersPercentage,home_team_rolling_freeThrowsPercentage,home_team_rolling_reboundsTotal,home_team_rolling_turnovers,home_team_rolling_plusMinusPoints,home_team_rolling_pointsInThePaint,away_gameId,away_teamId,away_team_rolling_assists,away_team_rolling_blocks,away_team_rolling_steals,away_team_rolling_fieldGoalsPercentage,away_team_rolling_threePointersPercentage,away_team_rolling_freeThrowsPercentage,away_team_rolling_reboundsTotal,away_team_rolling_turnovers,away_team_rolling_plusMinusPoints,away_team_rolling_pointsInThePaint
22400002,2024-11-12 19:00:00+00:00,Detroit,Pistons,1610612765,Miami,Heat,1610612748,123,121,1610612765,Regular Season,17806.0,624.0,Emirates NBA Cup,East Group B,0.0,22400002,1610612765,24.1,6.1,5.1,0.46909999999999996,0.3446,0.739,46.6,16.7,-2.2,47.6,22400002,1610612748,25.8,4.4,10.1,0.44279999999999997,0.3948,0.744,42.8,12.6,-0.3,43.6
22400001,2024-11-12 19:00:00+00:00,Boston,Celtics,1610612738,Atlanta,Hawks,1610612737,116,117,1610612737,Regular Season,19156.0,17.0,Emirates NBA Cup,East Group C,0.0,22400001,1610612738,23.0,4.9,8.1,0.445,0.34929999999999994,0.8195000000000002,43.8,12.4,9.3,41.6,22400001,1610612737,28.3,4.9,9.9,0.4626999999999999,0.3487,0.7957,42.3,14.9,-6.5,53.8
22400003,2024-11-12 19:00:00+00:00,Orlando,Magic,1610612753,Charlotte,Hornets,1610612766,114,89,1610612753,Regular Season,17541.0,1000125.0,Emirates NBA Cup,East Group A,0.0,22400003,1610612753,24.4,5.8,8.7,0.44509999999999994,0.2969,0.7815000000000001,41.6,14.4,0.0,48.0,22400003,1610612766,22.3,5.0,7.4,0.4325,0.35140000000000005,0.7788999999999999,46.0,15.1,-3.0,41.4
22400004,2024-11-12 19:30:00+00:00,Philadelphia,76ers,1610612755,New York,Knicks,1610612752,99,111,1610612752,Regular Season,19758.0,419.0,Emirates NBA Cup,East Group A,0.0,22400004,1610612755,20.7,3.4,8.6,0.43010000000000004,0.30569999999999997,0.7434000000000001,40.6,14.2,-8.3,46.0,22400004,1610612752,25.1,3.8,6.9,0.48929999999999996,0.37229999999999996,0.8005999999999999,41.2,11.6,2.8,48.4
22400005,2024-11-12 20:00:00+00:00,Milwaukee,Bucks,1610612749,Toronto,Raptors,1610612761,99,85,1610612749,Regular Season,17341.0,642.0,Emirates NBA Cup,East Group B,0.0,22400005,1610612749,21.5,5.0,6.5,0.47540000000000004,0.35480000000000006,0.7102999999999999,43.4,13.3,-5.1,45.4,22400005,1610612761,30.2,4.9,8.2,0.4725,0.3227,0.7408,44.4,15.5,-5.2,60.2
22400006,2024-11-12 21:00:00+00:00,Utah,Jazz,1610612762,Phoenix,Suns,1610612756,112,120,1610612756,Regular Season,18175.0,1000106.0,Emirates NBA Cup,West Group B,0.0,22400006,1610612762,22.8,6.2,6.8,0.41319999999999996,0.3082,0.8031,45.5,18.6,-16.3,43.2,22400006,1610612756,27.4,5.5,7.4,0.4728,0.37720000000000004,0.7950999999999999,44.5,13.2,2.1,41.6
22400007,2024-11-12 22:00:00+00:00,Golden State,Warriors,1610612744,Dallas,Mavericks,1610612742,120,117,1610612744,Regular Season,18064.0,1000011.0,Emirates NBA Cup,West Group C,0.0,22400007,1610612744,30.2,5.7,9.6,0.4789,0.39449999999999996,0.7424999999999999,48.2,13.3,11.9,50.0,22400007,1610612742,25.6,4.6,7.7,0.4746,0.34559999999999996,0.768,44.2,11.1,4.0,52.2
22400008,2024-11-12 22:00:00+00:00,Portland,Trail Blazers,1610612757,Minnesota,Timberwolves,1610612750,122,108,1610612757,Regular Season,16880.0,51.0,Emirates NBA Cup,West Group A,0.0,22400008,1610612757,20.6,5.7,8.5,0.4338,0.3073,0.7572,44.3,15.3,-8.6,51.6,22400008,1610612750,26.4,4.8,7.2,0.47840000000000005,0.39320000000000005,0.7903,42.3,15.6,5.4,44.6
22400011,2024-11-15 19:00:00+00:00,Toronto,Raptors,1610612761,Detroit,Pistons,1610612765,95,99,1610612765,Regular Season,19245.0,643.0,Emirates NBA Cup,East Group B,0.0,22400011,1610612761,29.7,4.2,8.2,0.46130000000000004,0.33259999999999995,0.736,44.4,15.0,-7.4,58.0,22400011,1610612765,25.0,6.0,5.4,0.4659999999999999,0.3516,0.7492,48.1,16.4,-0.9,49.0
22400010,2024-11-15 19:00:00+00:00,Orlando,Magic,1610612753,Philadelphia,76ers,1610612755,98,86,1610612753,Regular Season,17843.0,1000125.0,Emirates NBA Cup,East Group A,0.0,22400010,1610612753,24.6,6.2,8.7,0.4373,0.2752,0.806,42.9,14.1,2.7,48.0,22400010,1610612755,21.4,3.7,9.0,0.433,0.3207999999999999,0.7803,39.1,13.8,-7.3,42.8
22400009,2024-11-15 19:00:00+00:00,Indiana,Pacers,1610612754,Miami,Heat,1610612748,111,124,1610612748,Regular Season,17274.0,1000063.0,Emirates NBA Cup,East Group B,0.0,22400009,1610612754,27.3,4.2,7.4,0.4819,0.3738,0.7468,40.2,13.2,-3.6,51.6,22400009,1610612748,25.4,4.5,9.9,0.44320000000000004,0.3882,0.7513,43.0,11.9,-1.0,45.0
22400015,2024-11-15 19:30:00+00:00,San Antonio,Spurs,1610612759,Los Angeles,Lakers,1610612747,115,120,1610612747,Regular Season,18916.0,1000118.0,Emirates NBA Cup,West Group B,0.0,22400015,1610612759,27.6,6.6,7.9,0.4668000000000001,0.35409999999999997,0.8362,43.8,15.0,1.6,45.0,22400015,1610612747,28.0,4.3,7.0,0.48530000000000006,0.38689999999999997,0.7984,40.2,13.0,-0.5,51.2
22400014,2024-11-15 19:30:00+00:00,New York,Knicks,1610612752,Brooklyn,Nets,1610612751,124,122,1610612752,Regular Season,19812.0,30.0,Emirates NBA Cup,East Group A,0.0,22400014,1610612752,27.1,3.7,7.5,0.4876999999999999,0.38289999999999996,0.8039999999999999,42.7,12.0,6.3,50.2,22400014,1610612751,26.7,3.4,6.8,0.46909999999999996,0.3570000000000001,0.8170999999999999,39.9,12.8,-1.5,44.4
22400013,2024-11-15 19:30:00+00:00,Cleveland,Cavaliers,1610612739,Chicago,Bulls,1610612741,144,126,1610612739,Regular Season,19432.0,1000006.0,Emirates NBA Cup,East Group C,0.0,22400013,1610612739,28.3,4.3,9.0,0.5108999999999999,0.4048999999999999,0.7567999999999999,42.1,11.7,9.1,53.0,22400013,1610612741,28.4,4.3,7.5,0.4617,0.36940000000000006,0.7543,46.6,16.4,-5.9,46.4
22400012,2024-11-15 19:30:00+00:00,Atlanta,Hawks,1610612737,Washington,Wizards,1610612764,129,117,1610612737,Regular Season,16038.0,650.0,Emirates NBA Cup,East Group C,0.0,22400012,1610612737,29.3,4.2,10.4,0.46509999999999996,0.3432,0.7626999999999999,42.8,15.2,-6.9,56.4,22400012,1610612764,25.5,6.6,8.5,0.4444,0.31980000000000003,0.7988,41.0,15.0,-13.2,48.8
22400017,2024-11-15 20:00:00+00:00,New Orleans,Pelicans,1610612740,Denver,Nuggets,1610612743,101,94,1610612740,Regular Season,16137.0,160.0,Emirates NBA Cup,West Group C,0.0,22400017,1610612740,23.6,4.7,7.3,0.441,0.34650000000000003,0.7895,42.2,14.5,-13.7,43.8,22400017,1610612743,30.7,5.0,8.6,0.4786,0.41,0.7786000000000001,47.0,13.8,2.9,52.8
22400018,2024-11-15 20:00:00+00:00,Oklahoma City,Thunder,1610612760,Phoenix,Suns,1610612756,99,83,1610612760,Regular Season,18203.0,1000052.0,Emirates NBA Cup,West Group B,0.0,22400018,1610612760,26.2,6.6,12.8,0.4737,0.3887,0.8218,40.1,11.1,11.8,46.8,22400018,1610612756,25.8,5.5,7.2,0.45999999999999996,0.3682000000000001,0.7792,45.1,11.2,1.0,40.4
22400016,2024-11-15 20:00:00+00:00,Houston,Rockets,1610612745,Los Angeles,Clippers,1610612746,125,104,1610612745,Regular Season,18055.0,215.0,Emirates NBA Cup,West Group A,0.0,22400016,1610612745,21.7,5.5,8.1,0.44349999999999995,0.3067,0.7636999999999999,48.9,12.2,4.7,52.2,22400016,1610612746,25.1,4.8,8.5,0.46880000000000005,0.4035000000000001,0.7548,45.2,15.4,0.6,47.4
22400019,2024-11-15 22:00:00+00:00,Golden State,Warriors,1610612744,Memphis,Grizzlies,1610612763,123,118,1610612744,Regular Season,18064.0,1000011.0,Emirates NBA Cup,West Group C,0.0,22400019,1610612744,29.3,5.9,9.6,0.47519999999999996,0.38689999999999997,0.7218,47.5,12.8,8.6,49.8,22400019,1610612763,31.0,6.9,8.5,0.5027,0.3563,0.7861,48.4,16.4,11.6,63.0
22400020,2024-11-15 22:00:00+00:00,Sacramento,Kings,1610612758,Minnesota,Timberwolves,1610612750,126,130,1610612750,Regular Season,16478.0,609.0,Emirates NBA Cup,West Group A,0.0,22400020,1610612758,24.7,4.9,8.5,0.49350000000000005,0.3108000000000001,0.8297000000000001,44.9,13.3,5.4,50.4,22400020,1610612750,26.1,5.2,9.0,0.4796,0.37650000000000006,0.7966,40.7,15.9,3.7,46.4
22400021,2024-11-19 19:00:00+00:00,Boston,Celtics,1610612738,Cleveland,Cavaliers,1610612739,120,117,1610612738,Regular Season,19156.0,17.0,Emirates NBA Cup,East Group C,0.0,22400021,1610612738,25.9,5.2,7.5,0.4556,0.34959999999999997,0.8179000000000002,43.5,12.4,8.3,42.8,22400021,1610612739,28.4,4.6,8.0,0.5174999999999998,0.4222,0.7948999999999999,43.2,12.5,9.3,52.2
22400022,2024-11-19 19:30:00+00:00,Brooklyn,Nets,1610612751,Charlotte,Hornets,1610612766,116,115,1610612751,Regular Season,18117.0,461.0,Emirates NBA Cup,East Group A,0.0,22400022,1610612751,26.5,3.0,6.4,0.46109999999999995,0.3657,0.8140000000000001,38.3,12.6,-3.5,40.4,22400022,1610612766,24.2,4.4,8.1,0.4309,0.34840000000000004,0.7737999999999999,44.6,14.2,-6.0,42.4
22400023,2024-11-19 20:00:00+00:00,Memphis,Grizzlies,1610612763,Denver,Nuggets,1610612743,110,122,1610612743,Regular Season,15377.0,242.0,Emirates NBA Cup,West Group C,0.0,22400023,1610612763,28.8,7.6,8.8,0.4892,0.3355,0.8182,48.1,16.3,11.6,61.2,22400023,1610612743,30.7,4.5,8.1,0.4869,0.41089999999999993,0.7861999999999999,45.3,13.4,2.7,54.2
22400024,2024-11-19 20:30:00+00:00,Dallas,Mavericks,1610612742,New Orleans,Pelicans,1610612740,132,91,1610612742,Regular Season,20077.0,193.0,Emirates NBA Cup,West Group C,0.0,22400024,1610612742,25.0,4.8,7.1,0.49729999999999996,0.33119999999999994,0.7676000000000001,43.2,13.6,4.1,56.0,22400024,1610612740,23.4,4.2,7.1,0.4284,0.3473,0.8067,44.5,13.8,-9.5,41.8
22400025,2024-11-19 21:30:00+00:00,San Antonio,Spurs,1610612759,Oklahoma City,Thunder,1610612760,110,104,1610612759,Regular Season,16667.0,1000118.0,Emirates NBA Cup,West Group B,0.0,22400025,1610612759,28.5,6.8,8.3,0.46380000000000016,0.3558,0.8323,42.2,13.5,1.1,43.0,22400025,1610612760,25.8,6.4,11.4,0.46719999999999995,0.36550000000000005,0.8422000000000001,39.9,10.7,9.6,47.0
22400026,2024-11-19 22:30:00+00:00,Los Angeles,Lakers,1610612747,Utah,Jazz,1610612762,124,118,1610612747,Regular Season,18997.0,1000069.0,Emirates NBA Cup,West Group B,0.0,22400026,1610612747,26.6,4.1,7.2,0.47359999999999997,0.369,0.7926,40.4,12.0,-0.6,50.4,22400026,1610612762,24.6,4.2,7.7,0.4612,0.3522,0.8126999999999999,42.0,17.4,-9.5,46.4
22400028,2024-11-22 19:00:00+00:00,Washington,Wizards,1610612764,Boston,Celtics,1610612738,96,108,1610612738,Regular Season,20385.0,77.0,Emirates NBA Cup,East Group C,0.0,22400028,1610612764,25.1,5.9,8.5,0.4525,0.33040000000000014,0.7628999999999999,41.3,14.6,-15.5,50.0,22400028,1610612738,26.8,5.1,6.8,0.46640000000000004,0.36999999999999994,0.8087000000000002,42.6,12.3,8.9,42.0
22400027,2024-11-22 19:00:00+00:00,Philadelphia,76ers,1610612755,Brooklyn,Nets,1610612751,113,98,1610612755,Regular Season,19817.0,419.0,Emirates NBA Cup,East Group A,0.0,22400027,1610612755,22.8,3.6,9.5,0.43689999999999996,0.325,0.808,38.9,13.8,-9.4,42.6,22400027,1610612751,26.9,3.6,6.2,0.4593000000000001,0.37300000000000005,0.7997,38.5,12.4,-4.7,40.4
22400032,2024-11-22 19:30:00+00:00,New Orleans,Pelicans,1610612740,Golden State,Warriors,1610612744,108,112,1610612744,Regular Season,16820.0,160.0,Emirates NBA Cup,West Group C,0.0,22400032,1610612740,22.4,3.9,7.4,0.4253,0.3382,0.8171000000000002,42.7,15.0,-15.6,41.0,22400032,1610612744,30.1,5.6,8.7,0.4709,0.3812999999999999,0.6763999999999999,48.9,14.0,6.0,50.4
22400030,2024-11-22 20:00:00+00:00,Chicago,Bulls,1610612741,Atlanta,Hawks,1610612737,136,122,1610612741,Regular Season,19979.0,66.0,Emirates NBA Cup,East Group C,0.0,22400030,1610612741,28.9,4.8,7.8,0.4755000000000001,0.37750000000000006,0.8238,41.9,15.3,-9.8,46.8,22400030,1610612737,29.8,5.3,10.3,0.4584999999999999,0.3402,0.7642,46.3,16.1,-3.6,56.4
22400029,2024-11-22 20:00:00+00:00,Milwaukee,Bucks,1610612749,Indiana,Pacers,1610612754,129,117,1610612749,Regular Season,17341.0,642.0,Emirates NBA Cup,East Group B,0.0,22400029,1610612749,23.9,5.9,7.9,0.4795,0.39030000000000004,0.6841,43.9,12.3,2.9,45.4,22400029,1610612754,26.5,4.7,7.9,0.4918,0.3839,0.796,38.3,13.1,-3.8,51.8
22400031,2024-11-22 20:00:00+00:00,Houston,Rockets,1610612745,Portland,Trail Blazers,1610612757,116,88,1610612745,Regular Season,15546.0,215.0,Emirates NBA Cup,West Group A,0.0,22400031,1610612745,23.7,6.0,9.5,0.46560000000000007,0.3117,0.7531000000000001,52.7,12.8,11.8,58.8,22400031,1610612757,21.5,6.2,10.1,0.44349999999999995,0.3402,0.7517,42.6,16.9,-7.8,50.0
22400033,2024-11-22 22:00:00+00:00,Denver,Nuggets,1610612743,Dallas,Mavericks,1610612742,120,123,1610612742,Regular Season,19923.0,1000046.0,Emirates NBA Cup,West Group C,0.0,22400033,1610612743,30.7,4.5,9.0,0.4859,0.39919999999999994,0.7697999999999999,45.4,13.6,3.7,53.6,22400033,1610612742,25.5,4.8,7.7,0.5035000000000001,0.3430999999999999,0.7776000000000001,44.3,13.7,8.8,58.2
22400034,2024-11-22 22:30:00+00:00,Los Angeles,Clippers,1610612746,Sacramento,Kings,1610612758,104,88,1610612746,Regular Season,16228.0,1000137.0,Emirates NBA Cup,West Group A,0.0,22400034,1610612746,24.1,4.4,8.3,0.4664,0.42000000000000004,0.7997,44.2,15.1,2.2,44.4,22400034,1610612758,23.7,4.4,8.0,0.49140000000000006,0.33390000000000003,0.8224,44.0,13.8,1.5,49.8
22400035,2024-11-26 19:00:00+00:00,Washington,Wizards,1610612764,Chicago,Bulls,1610612741,108,127,1610612741,Regular Season,15921.0,77.0,Emirates NBA Cup,East Group C,0.0,22400035,1610612764,23.9,5.3,7.7,0.4468,0.3247000000000001,0.7483,42.1,15.6,-17.2,48.2,22400035,1610612741,29.3,5.7,7.5,0.49370000000000014,0.4005000000000001,0.8348000000000001,40.8,15.2,-6.6,47.6
22400036,2024-11-26 19:30:00+00:00,Miami,Heat,1610612748,Milwaukee,Bucks,1610612749,103,106,1610612749,Regular Season,19622.0,1000100.0,Emirates NBA Cup,East Group B,0.0,22400036,1610612748,24.7,3.5,10.2,0.4449000000000001,0.38370000000000004,0.7942,44.7,11.8,2.8,46.2,22400036,1610612749,24.7,6.3,8.3,0.4840000000000001,0.39130000000000004,0.6982,44.0,12.7,5.0,45.4
22400037,2024-11-26 20:00:00+00:00,Minnesota,Timberwolves,1610612750,Houston,Rockets,1610612745,111,117,1610612745,Regular Season,18978.0,61.0,Emirates NBA Cup,West Group A,0.0,22400037,1610612750,23.2,4.7,9.2,0.46580000000000005,0.37270000000000003,0.8196,41.6,14.8,3.9,46.0,22400037,1610612745,23.2,5.9,10.3,0.4412,0.314,0.7565999999999999,52.6,13.3,10.1,54.8
22400038,2024-11-26 21:00:00+00:00,Utah,Jazz,1610612762,San Antonio,Spurs,1610612759,115,128,1610612759,Regular Season,18175.0,1000106.0,Emirates NBA Cup,West Group B,0.0,22400038,1610612762,25.9,3.5,7.4,0.48369999999999996,0.3882,0.8,42.9,15.5,-3.3,50.8,22400038,1610612759,29.9,6.9,6.9,0.46480000000000016,0.36719999999999997,0.8055,43.6,14.3,1.6,41.8
22400039,2024-11-26 22:00:00+00:00,Phoenix,Suns,1610612756,Los Angeles,Lakers,1610612747,127,100,1610612756,Regular Season,17071.0,1000051.0,Emirates NBA Cup,West Group B,0.0,22400039,1610612756,25.4,3.8,7.5,0.4547,0.35960000000000003,0.7515,42.6,12.7,-6.3,41.6,22400039,1610612747,26.9,4.4,7.9,0.48519999999999996,0.3926,0.764,38.0,11.8,-0.4,50.2
22400040,2024-11-29 12:00:00+00:00,Charlotte,Hornets,1610612766,New York,Knicks,1610612752,98,99,1610612752,Regular Season,19313.0,9.0,Emirates NBA Cup,East Group A,0.0,22400040,1610612766,23.2,5.3,8.2,0.4192,0.36350000000000005,0.7557,47.7,15.9,-4.0,39.2,22400040,1610612752,30.0,4.0,6.9,0.5183,0.3731,0.8545,41.6,10.9,5.3,54.4
22400041,2024-11-29 14:30:00+00:00,Atlanta,Hawks,1610612737,Cleveland,Cavaliers,1610612739,117,101,1610612737,Regular Season,17881.0,650.0,Emirates NBA Cup,East Group C,0.0,22400041,1610612737,31.8,5.9,9.9,0.4558,0.34559999999999996,0.7717,46.3,15.6,-3.9,58.0,22400041,1610612739,28.4,4.7,9.1,0.5117999999999999,0.3964,0.8262,43.9,12.8,9.8,54.4
22400042,2024-11-29 17:00:00+00:00,Memphis,Grizzlies,1610612763,New Orleans,Pelicans,1610612740,120,109,1610612763,Regular Season,17014.0,242.0,Emirates NBA Cup,West Group C,0.0,22400042,1610612763,30.0,8.7,9.3,0.48530000000000006,0.3492,0.7954,48.8,16.3,12.4,57.0,22400042,1610612740,24.4,4.1,8.6,0.4241,0.3089,0.7393,45.1,15.0,-14.8,44.4
22400044,2024-11-29 19:30:00+00:00,Minnesota,Timberwolves,1610612750,Los Angeles,Clippers,1610612746,93,92,1610612750,Regular Season,18978.0,61.0,Emirates NBA Cup,West Group A,0.0,22400044,1610612750,22.6,4.8,9.5,0.44910000000000005,0.3428,0.8292999999999999,41.6,15.2,-1.5,45.0,22400044,1610612746,25.4,4.1,10.0,0.4668,0.36760000000000004,0.7967,46.3,14.9,2.5,50.6
22400043,2024-11-29 19:30:00+00:00,Brooklyn,Nets,1610612751,Orlando,Magic,1610612753,100,123,1610612753,Regular Season,18143.0,461.0,Emirates NBA Cup,East Group A,0.0,22400043,1610612751,26.7,3.6,5.1,0.4709,0.42210000000000003,0.8518000000000001,36.7,13.0,-3.1,35.2,22400043,1610612753,24.7,7.0,9.6,0.45450000000000007,0.3225,0.8170999999999999,41.2,12.8,10.4,47.0
22400045,2024-11-29 20:00:00+00:00,Indiana,Pacers,1610612754,Detroit,Pistons,1610612765,106,130,1610612765,Regular Season,17274.0,1000063.0,Emirates NBA Cup,East Group B,0.0,22400045,1610612754,27.3,5.5,9.3,0.48080000000000006,0.3776,0.8054,40.4,13.6,-1.4,51.6,22400045,1610612765,25.7,5.4,6.3,0.4479,0.3572,0.7447999999999999,47.2,14.9,-2.4,47.2
22400046,2024-11-29 20:00:00+00:00,Miami,Heat,1610612748,Toronto,Raptors,1610612761,121,111,1610612748,Regular Season,19607.0,1000100.0,Emirates NBA Cup,East Group B,0.0,22400046,1610612748,25.1,3.3,9.9,0.4499000000000001,0.3738,0.8119,42.8,12.1,1.0,45.6,22400046,1610612761,26.3,4.5,7.4,0.44819999999999993,0.3436,0.6913,48.3,14.8,-1.7,52.4
22400047,2024-11-29 20:00:00+00:00,Chicago,Bulls,1610612741,Boston,Celtics,1610612738,129,138,1610612738,Regular Season,19798.0,66.0,Emirates NBA Cup,East Group C,0.0,22400047,1610612741,29.2,5.7,6.9,0.4932,0.39860000000000007,0.8362999999999999,41.6,15.0,-5.7,48.0,22400047,1610612738,27.7,6.0,6.3,0.46230000000000004,0.37999999999999995,0.7954000000000001,42.1,11.5,8.0,38.0
22400048,2024-11-29 22:00:00+00:00,Los Angeles,Lakers,1610612747,Oklahoma City,Thunder,1610612760,93,101,1610612760,Regular Season,18997.0,1000069.0,Emirates NBA Cup,West Group B,0.0,22400048,1610612747,27.4,5.1,7.6,0.49440000000000006,0.387,0.7809,39.4,11.9,1.6,51.6,22400048,1610612760,25.2,6.6,10.8,0.46740000000000004,0.3411,0.8294,40.9,10.8,7.5,49.2
22400049,2024-11-29 22:00:00+00:00,Portland,Trail Blazers,1610612757,Sacramento,Kings,1610612758,115,106,1610612757,Regular Season,17565.0,51.0,Emirates NBA Cup,West Group A,0.0,22400049,1610612757,21.3,7.6,9.6,0.4154,0.3317,0.7649,43.5,18.0,-10.8,45.4,22400049,1610612758,24.0,5.0,7.5,0.484,0.34520000000000006,0.7619,44.0,14.5,-2.0,47.6
22400051,2024-12-03 19:00:00+00:00,Cleveland,Cavaliers,1610612739,Washington,Wizards,1610612764,118,87,1610612739,Regular Season,19432.0,1000006.0,Emirates NBA Cup,East Group C,0.0,22400051,1610612739,27.0,4.2,8.6,0.49319999999999997,0.3892,0.8240000000000001,44.7,12.5,6.2,53.6,22400051,1610612764,23.5,4.0,7.8,0.44749999999999995,0.3247000000000001,0.7501,42.0,15.7,-16.2,49.2
22400050,2024-12-03 19:00:00+00:00,Charlotte,Hornets,1610612766,Philadelphia,76ers,1610612755,104,110,1610612755,Regular Season,14956.0,9.0,Emirates NBA Cup,East Group A,0.0,22400050,1610612766,23.5,5.3,8.7,0.41669999999999996,0.37300000000000005,0.7434999999999999,45.5,15.3,-6.2,36.8,22400050,1610612755,21.7,5.0,10.0,0.43340000000000006,0.3154,0.8222000000000002,40.7,13.7,-5.6,45.8
22400052,2024-12-03 19:00:00+00:00,Detroit,Pistons,1610612765,Milwaukee,Bucks,1610612749,107,128,1610612749,Regular Season,17988.0,624.0,Emirates NBA Cup,East Group B,0.0,22400052,1610612765,26.1,5.4,6.8,0.4546,0.36360000000000003,0.7527999999999999,45.6,14.6,-1.5,47.2,22400052,1610612749,26.1,6.8,7.9,0.48739999999999994,0.4184,0.7221,43.7,12.6,6.2,42.2
22400054,2024-12-03 19:30:00+00:00,Toronto,Raptors,1610612761,Indiana,Pacers,1610612754,122,111,1610612761,Regular Season,17741.0,643.0,Emirates NBA Cup,East Group B,0.0,22400054,1610612761,27.5,4.6,7.2,0.4681,0.3518,0.7051999999999999,49.2,15.4,-0.2,55.4,22400054,1610612754,27.5,5.2,9.4,0.48760000000000003,0.36829999999999996,0.8056000000000001,40.4,14.5,-6.0,54.2
22400053,2024-12-03 19:30:00+00:00,New York,Knicks,1610612752,Orlando,Magic,1610612753,121,106,1610612752,Regular Season,19812.0,30.0,Emirates NBA Cup,East Group A,0.0,22400053,1610612752,29.6,4.6,7.3,0.5035999999999999,0.398,0.8460999999999999,43.4,11.7,8.6,50.8,22400053,1610612753,24.9,8.2,10.1,0.46210000000000007,0.33399999999999996,0.8056000000000001,41.7,14.5,8.3,49.0
22400055,2024-12-03 20:00:00+00:00,Oklahoma City,Thunder,1610612760,Utah,Jazz,1610612762,133,106,1610612760,Regular Season,17711.0,1000052.0,Emirates NBA Cup,West Group B,0.0,22400055,1610612760,25.3,5.9,11.2,0.4572,0.3358,0.8126,42.0,10.3,7.2,48.0,22400055,1610612762,24.1,3.7,7.3,0.4715,0.3649,0.7643000000000001,44.2,16.4,-5.7,48.8
22400056,2024-12-03 20:30:00+00:00,Dallas,Mavericks,1610612742,Memphis,Grizzlies,1610612763,121,116,1610612742,Regular Season,20277.0,193.0,Emirates NBA Cup,West Group C,0.0,22400056,1610612742,26.2,6.1,9.0,0.4968,0.3902,0.7758,46.2,14.2,9.9,56.8,22400056,1610612763,31.0,7.5,8.6,0.4843,0.34349999999999997,0.7855999999999999,47.8,15.1,8.1,57.8
22400057,2024-12-03 21:00:00+00:00,Phoenix,Suns,1610612756,San Antonio,Spurs,1610612759,104,93,1610612756,Regular Season,17071.0,1000051.0,Emirates NBA Cup,West Group B,0.0,22400057,1610612756,26.2,4.3,7.8,0.4563,0.37540000000000007,0.7671,42.8,12.7,-4.4,41.4,22400057,1610612759,30.3,6.7,7.1,0.46380000000000016,0.3736,0.8172,42.8,12.9,2.8,41.0
22400059,2024-12-03 22:00:00+00:00,Sacramento,Kings,1610612758,Houston,Rockets,1610612745,120,111,1610612758,Regular Season,15019.0,609.0,Emirates NBA Cup,West Group A,0.0,22400059,1610612758,26.0,5.2,7.2,0.4835,0.36240000000000006,0.743,43.8,15.0,-2.0,46.8,22400059,1610612745,25.5,7.0,9.9,0.44329999999999997,0.34290000000000004,0.7778,51.3,12.6,11.9,53.4
22400058,2024-12-03 22:00:00+00:00,Denver,Nuggets,1610612743,Golden State,Warriors,1610612744,119,115,1610612743,Regular Season,19912.0,1000046.0,Emirates NBA Cup,West Group C,0.0,22400058,1610612743,31.0,4.5,7.8,0.5107,0.4023,0.7358,41.5,13.1,1.5,56.2,22400058,1610612744,30.1,5.1,8.4,0.441,0.3681,0.6718,49.5,14.0,1.3,47.0
22400060,2024-12-03 22:30:00+00:00,Los Angeles,Clippers,1610612746,Portland,Trail Blazers,1610612757,127,105,1610612746,Regular Season,15583.0,1000137.0,Emirates NBA Cup,West Group A,0.0,22400060,1610612746,24.4,4.0,11.0,0.4629,0.35520000000000007,0.8048,45.5,14.6,4.2,50.0,22400060,1610612757,23.8,6.9,9.3,0.4479,0.386,0.7722,43.4,17.3,-3.5,45.4
22401201,2024-12-10 19:00:00+00:00,Milwaukee,Bucks,1610612749,Orlando,Magic,1610612753,114,109,1610612749,Regular Season,17341.0,642.0,Emirates NBA Cup,East Quarterfinal,0.0,22401201,1610612749,24.9,5.5,6.5,0.49899999999999994,0.4403,0.7517,42.0,13.7,5.3,38.4,22401201,1610612753,23.8,7.5,10.7,0.4652,0.3216,0.7849999999999999,42.4,14.7,5.4,51.8
22401203,2024-12-10 21:30:00+00:00,Oklahoma City,Thunder,1610612760,Dallas,Mavericks,1610612742,118,104,1610612760,Regular Season,17724.0,1000052.0,Emirates NBA Cup,West Quarterfinal,0.0,22401203,1610612760,26.8,5.3,12.0,0.47459999999999997,0.3431,0.7955,44.1,10.9,10.6,51.2,22401203,1610612742,26.5,6.7,9.2,0.5006999999999999,0.4239,0.7722,48.5,15.3,13.0,52.4
22401202,2024-12-11 19:00:00+00:00,New York,Knicks,1610612752,Atlanta,Hawks,1610612737,100,108,1610612737,Regular Season,19812.0,30.0,Emirates NBA Cup,East Quarterfinal,0.0,22401202,1610612752,28.8,5.1,8.2,0.5035000000000001,0.4131,0.8267,41.4,12.6,8.2,49.0,22401202,1610612737,31.5,4.7,10.3,0.46019999999999994,0.3236,0.7990999999999999,49.7,15.1,-1.8,60.4
22401204,2024-12-11 21:30:00+00:00,Houston,Rockets,1610612745,Golden State,Warriors,1610612744,91,90,1610612745,Regular Season,18055.0,215.0,Emirates NBA Cup,West Quarterfinal,0.0,22401204,1610612745,21.9,6.1,9.1,0.42969999999999997,0.3316,0.79,48.8,12.9,5.0,47.4,22401204,1610612744,28.1,4.7,7.6,0.4285,0.3383999999999999,0.7198,48.6,13.3,-1.0,47.0
22401229,2024-12-14 16:30:00+00:00,Milwaukee,Bucks,1610612749,Atlanta,Hawks,1610612737,110,102,1610612749,Regular Season,17113.0,606.0,Emirates NBA Cup,East Semifinal,0.0,22401229,1610612749,25.5,5.3,6.6,0.5077,0.43760000000000004,0.7645,41.4,13.8,5.7,39.6,22401229,1610612737,31.5,4.9,9.9,0.46819999999999984,0.32589999999999997,0.8016,49.0,14.4,1.3,63.0
22401230,2024-12-14 20:30:00+00:00,Oklahoma City,Thunder,1610612760,Houston,Rockets,1610612745,111,96,1610612760,Regular Season,17937.0,606.0,Emirates NBA Cup,West Semifinal,0.0,22401230,1610612760,26.8,5.3,12.3,0.4707,0.3498,0.8051999999999999,46.4,11.6,12.2,49.6,22401230,1610612745,22.3,6.0,9.2,0.43550000000000005,0.3257,0.7954,47.1,13.3,5.2,47.6
62400001,2024-12-17 20:30:00+00:00,Oklahoma City,Thunder,1610612760,Milwaukee,Bucks,1610612749,81,97,1610612749,Regular Season,18519.0,606.0,Emirates NBA Cup,Championship,0.0,62400001,1610612760,26.3,5.3,11.9,0.4747,0.35629999999999995,0.807,46.0,11.5,14.3,50.0,62400001,1610612749,25.3,5.9,6.7,0.49799999999999994,0.43260000000000004,0.7635000000000001,41.6,13.9,4.9,38.4
52400101,2025-04-15 19:30:00+00:00,Orlando,Magic,1610612753,Atlanta,Hawks,1610612737,120,95,1610612753,Play-in Tournament,18846.0,1000125.0,SoFi Play-In Tournament,East,0.0,52400101,1610612753,23.88888888888889,5.333333333333333,8.88888888888889,0.4634444444444445,0.3531111111111111,0.7776666666666666,43.55555555555556,12.666666666666666,6.666666666666667,41.6,52400101,1610612737,30.6,3.9,9.2,0.5001999999999999,0.3809,0.7683000000000001,43.9,14.1,3.5,54.4
52400121,2025-04-15 22:00:00+00:00,Golden State,Warriors,1610612744,Memphis,Grizzlies,1610612763,121,116,1610612744,Play-in Tournament,18064.0,1000011.0,SoFi Play-In Tournament,West,0.0,52400121,1610612744,30.0,3.1,11.7,0.4640000000000001,0.38319999999999993,0.807,44.3,13.3,12.5,42.8,52400121,1610612763,25.3,4.1,8.2,0.4673999999999999,0.3708,0.7861999999999999,45.7,13.9,-0.8,50.2
52400111,2025-04-16 19:30:00+00:00,Chicago,Bulls,1610612741,Miami,Heat,1610612748,90,109,1610612748,Play-in Tournament,21380.0,66.0,SoFi Play-In Tournament,East,0.0,52400111,1610612741,30.0,4.4,7.0,0.4875,0.3765,0.8225999999999999,50.2,15.4,4.7,56.4,52400111,1610612748,28.2,3.8,9.6,0.49079999999999996,0.40730000000000005,0.7868999999999999,47.1,10.7,12.4,54.6
52400131,2025-04-16 22:00:00+00:00,Sacramento,Kings,1610612758,Dallas,Mavericks,1610612742,106,120,1610612742,Play-in Tournament,17939.0,609.0,SoFi Play-In Tournament,West,0.0,52400131,1610612758,23.8,3.4,6.3,0.493,0.37740000000000007,0.8236000000000001,43.9,11.8,2.6,47.8,52400131,1610612742,24.5,5.0,7.1,0.48630000000000007,0.3328999999999999,0.7260000000000001,41.7,14.3,-8.9,53.6
52400201,2025-04-18 19:00:00+00:00,Atlanta,Hawks,1610612737,Miami,Heat,1610612748,114,123,1610612748,Play-in Tournament,17690.0,650.0,SoFi Play-In Tournament,East,0.0,52400201,1610612737,30.1,4.2,8.7,0.48649999999999993,0.35600000000000004,0.775,44.5,13.3,2.0,55.4,52400201,1610612748,28.6,4.4,9.6,0.48650000000000004,0.3899,0.7705,47.9,10.9,13.3,56.0
52400211,2025-04-18 21:30:00+00:00,Memphis,Grizzlies,1610612763,Dallas,Mavericks,1610612742,120,106,1610612763,Play-in Tournament,17794.0,242.0,SoFi Play-In Tournament,West,0.0,52400211,1610612763,24.7,3.8,7.7,0.4744,0.3789,0.7775,47.1,14.0,0.8,52.4,52400211,1610612742,25.5,5.5,7.1,0.4819,0.35129999999999995,0.7343,42.5,13.6,-6.0,51.2
42400131,2025-04-19 13:00:00+00:00,Indiana,Pacers,1610612754,Milwaukee,Bucks,1610612749,117,98,1610612754,Playoffs,17274.0,1000063.0,East First Round,Game 1,1.0,42400131,1610612754,30.4,7.6,8.1,0.47960000000000014,0.3623,0.7917,46.3,10.0,8.3,50.8,42400131,1610612749,28.2,4.7,6.3,0.5365,0.4296000000000001,0.7483000000000001,39.1,12.8,3.4,50.6
42400171,2025-04-19 15:30:00+00:00,Denver,Nuggets,1610612743,Los Angeles,Clippers,1610612746,112,110,1610612743,Playoffs,19973.0,1000046.0,West First Round,Game 1,1.0,42400171,1610612743,31.6,6.1,7.0,0.5113000000000001,0.33449999999999996,0.7483,47.5,13.3,4.0,61.4,42400171,1610612746,26.3,3.2,9.3,0.5176000000000001,0.42090000000000005,0.8126,43.4,12.3,13.4,54.6
42400121,2025-04-19 18:00:00+00:00,New York,Knicks,1610612752,Detroit,Pistons,1610612765,123,112,1610612752,Playoffs,19812.0,30.0,East First Round,Game 1,1.0,42400121,1610612752,27.1,4.2,9.3,0.47459999999999997,0.3787,0.7946999999999999,41.1,12.4,4.2,48.4,42400121,1610612765,26.6,5.5,6.5,0.4667,0.3691,0.7421,42.1,11.4,-0.6,51.6
42400161,2025-04-19 20:30:00+00:00,Los Angeles,Lakers,1610612747,Minnesota,Timberwolves,1610612750,95,117,1610612750,Playoffs,18997.0,1000069.0,West First Round,Game 1,1.0,42400161,1610612747,24.8,4.1,8.0,0.48410000000000003,0.4024,0.7997,41.3,12.9,4.9,43.2,42400161,1610612750,26.9,5.5,6.0,0.49860000000000004,0.3582000000000001,0.7487999999999999,47.6,13.7,8.5,55.4
42400141,2025-04-20 13:00:00+00:00,Oklahoma City,Thunder,1610612760,Memphis,Grizzlies,1610612763,131,80,1610612760,Playoffs,18203.0,1000052.0,West First Round,Game 1,1.0,42400141,1610612760,26.9,4.9,9.7,0.48860000000000003,0.3914,0.7955,43.8,10.3,12.3,53.6,42400141,1610612763,24.4,3.8,7.8,0.46880000000000005,0.377,0.792,48.0,13.8,2.9,52.0
42400111,2025-04-20 15:30:00+00:00,Boston,Celtics,1610612738,Orlando,Magic,1610612753,103,86,1610612738,Playoffs,19156.0,17.0,East First Round,Game 1,1.0,42400111,1610612738,28.3,5.2,5.8,0.46010000000000006,0.352,0.8053000000000001,49.2,11.7,11.2,40.4,42400111,1610612753,24.666666666666668,5.888888888888889,9.0,0.46655555555555556,0.35,0.7705555555555557,44.0,12.666666666666666,8.666666666666666,42.6
42400101,2025-04-20 19:00:00+00:00,Cleveland,Cavaliers,1610612739,Miami,Heat,1610612748,121,100,1610612739,Playoffs,19432.0,1000144.0,East First Round,Game 1,1.0,42400101,1610612739,27.0,4.2,8.4,0.47859999999999997,0.3694,0.7081,47.8,14.0,3.3,52.4,42400101,1610612748,28.6,4.8,8.8,0.4892,0.3815,0.7546999999999999,48.6,11.4,11.9,56.0
42400151,2025-04-20 21:30:00+00:00,Houston,Rockets,1610612745,Golden State,Warriors,1610612744,85,95,1610612744,Playoffs,18055.0,215.0,West First Round,Game 1,1.0,42400151,1610612745,26.4,4.7,8.1,0.4828,0.39089999999999997,0.7176,47.6,12.5,5.0,56.0,42400151,1610612744,30.0,3.3,12.0,0.4686,0.39449999999999996,0.8135,43.2,13.3,11.4,42.4
42400122,2025-04-21 19:30:00+00:00,New York,Knicks,1610612752,Detroit,Pistons,1610612765,94,100,1610612765,Playoffs,19812.0,30.0,East First Round,Game 2,2.0,42400122,1610612752,26.9,5.0,9.3,0.4789,0.3808,0.7953999999999999,40.3,12.5,4.4,50.2,42400122,1610612765,25.6,5.9,6.5,0.4579999999999999,0.3676,0.7411,41.4,12.3,-4.3,50.6
42400172,2025-04-21 22:00:00+00:00,Denver,Nuggets,1610612743,Los Angeles,Clippers,1610612746,102,105,1610612746,Playoffs,19989.0,1000046.0,West First Round,Game 2,2.0,42400172,1610612743,30.6,5.3,7.6,0.5075000000000001,0.33719999999999994,0.7594000000000001,46.8,13.2,5.2,61.2,42400172,1610612746,25.9,3.4,8.9,0.5126000000000001,0.40590000000000004,0.7983,43.0,13.1,10.0,55.8
42400132,2025-04-22 19:00:00+00:00,Indiana,Pacers,1610612754,Milwaukee,Bucks,1610612749,123,115,1610612754,Playoffs,17274.0,1000063.0,East First Round,Game 2,2.0,42400132,1610612754,28.4,8.0,7.9,0.46740000000000004,0.3431,0.7791,45.6,9.3,4.9,48.4,42400132,1610612749,26.7,4.4,6.3,0.5265000000000001,0.4107,0.747,39.3,12.7,2.5,49.0
42400142,2025-04-22 19:30:00+00:00,Oklahoma City,Thunder,1610612760,Memphis,Grizzlies,1610612763,118,99,1610612760,Playoffs,18203.0,1000052.0,West First Round,Game 2,2.0,42400142,1610612760,27.7,5.3,10.0,0.4902,0.38489999999999996,0.8031,44.7,10.6,15.3,54.8,42400142,1610612763,24.1,3.9,7.6,0.45859999999999995,0.36960000000000004,0.8128,47.8,15.0,-0.8,51.2
42400162,2025-04-22 22:00:00+00:00,Los Angeles,Lakers,1610612747,Minnesota,Timberwolves,1610612750,94,85,1610612747,Playoffs,18997.0,1000069.0,West First Round,Game 2,2.0,42400162,1610612747,23.3,3.8,7.7,0.4744,0.40969999999999995,0.8039,41.1,13.1,2.9,40.4,42400162,1610612750,27.2,5.6,6.3,0.5014000000000001,0.38250000000000006,0.7687999999999999,47.5,13.0,12.3,53.2
42400112,2025-04-23 19:00:00+00:00,Boston,Celtics,1610612738,Orlando,Magic,1610612753,109,100,1610612738,Playoffs,19156.0,17.0,East First Round,Game 2,2.0,42400112,1610612738,27.2,5.0,6.3,0.4546,0.3529,0.7866000000000002,48.6,11.6,9.9,39.2,42400112,1610612753,25.0,5.888888888888889,9.0,0.46599999999999997,0.3725555555555556,0.7633333333333333,43.666666666666664,12.555555555555555,7.777777777777778,40.6
42400102,2025-04-23 19:30:00+00:00,Cleveland,Cavaliers,1610612739,Miami,Heat,1610612748,121,112,1610612739,Playoffs,19432.0,1000144.0,East First Round,Game 2,2.0,42400102,1610612739,25.8,4.1,8.5,0.48319999999999996,0.3759,0.7061,46.4,13.4,4.6,51.6,42400102,1610612748,28.0,5.0,8.1,0.4875,0.3953,0.7588999999999999,46.1,11.1,7.2,53.6
42400152,2025-04-23 21:30:00+00:00,Houston,Rockets,1610612745,Golden State,Warriors,1610612744,109,94,1610612745,Playoffs,18055.0,215.0,West First Round,Game 2,2.0,42400152,1610612745,26.6,4.8,8.2,0.4767,0.3834,0.6829,47.7,12.8,3.3,56.0,42400152,1610612744,27.8,3.1,11.7,0.45830000000000004,0.3843,0.8131999999999999,42.4,13.2,8.2,39.4
42400123,2025-04-24 19:00:00+00:00,Detroit,Pistons,1610612765,New York,Knicks,1610612752,116,118,1610612752,Playoffs,20062.0,624.0,East First Round,Game 3,3.0,42400123,1610612765,24.2,5.8,6.4,0.4548,0.3457,0.7378,41.9,12.5,-4.8,49.6,42400123,1610612752,25.7,4.1,9.1,0.46729999999999994,0.3694,0.8027,39.3,12.6,2.1,48.0
42400143,2025-04-24 21:30:00+00:00,Memphis,Grizzlies,1610612763,Oklahoma City,Thunder,1610612760,108,114,1610612760,Playoffs,16849.0,242.0,West First Round,Game 3,3.0,42400143,1610612763,23.6,3.8,7.2,0.4537,0.36100000000000004,0.805,47.7,14.8,-1.8,51.4,42400143,1610612760,27.2,5.7,9.9,0.4824,0.371,0.8018000000000001,45.5,10.4,15.1,54.4
42400173,2025-04-24 22:00:00+00:00,Los Angeles,Clippers,1610612746,Denver,Nuggets,1610612743,117,83,1610612746,Playoffs,17927.0,1000137.0,West First Round,Game 3,3.0,42400173,1610612746,25.8,3.5,9.6,0.5124000000000001,0.4051000000000001,0.8089000000000001,41.8,13.0,10.8,56.2,42400173,1610612743,29.3,5.0,7.8,0.49990000000000007,0.3378,0.7639,47.2,14.3,3.9,58.6
42400113,2025-04-25 19:00:00+00:00,Orlando,Magic,1610612753,Boston,Celtics,1610612738,95,93,1610612753,Playoffs,18967.0,1000125.0,East First Round,Game 3,3.0,42400113,1610612753,23.555555555555557,6.111111111111111,8.555555555555555,0.464,0.34800000000000003,0.7633333333333333,42.0,12.0,3.4444444444444446,41.8,42400113,1610612738,25.7,5.0,6.7,0.4517000000000001,0.352,0.7846000000000001,47.8,11.7,9.8,39.2
42400133,2025-04-25 20:00:00+00:00,Milwaukee,Bucks,1610612749,Indiana,Pacers,1610612754,117,101,1610612749,Playoffs,17942.0,642.0,East First Round,Game 3,3.0,42400133,1610612749,26.9,4.7,6.4,0.5224,0.41130000000000005,0.7522,40.4,12.6,2.6,49.8,42400133,1610612754,28.7,7.7,8.1,0.4715,0.3542,0.806,45.1,9.0,7.8,49.0
42400163,2025-04-25 21:30:00+00:00,Minnesota,Timberwolves,1610612750,Los Angeles,Lakers,1610612747,116,104,1610612750,Playoffs,19312.0,61.0,West First Round,Game 3,3.0,42400163,1610612750,25.5,5.4,5.7,0.48660000000000003,0.3538,0.7642,46.6,13.0,9.9,52.4,42400163,1610612747,22.6,4.1,7.4,0.46909999999999996,0.3862,0.8112999999999999,41.0,13.0,3.1,41.2
42400103,2025-04-26 13:00:00+00:00,Miami,Heat,1610612748,Cleveland,Cavaliers,1610612739,87,124,1610612739,Playoffs,19600.0,1000100.0,East First Round,Game 3,3.0,42400103,1610612748,27.9,5.1,7.5,0.48760000000000003,0.3842,0.7449999999999999,46.5,12.0,4.2,53.6,42400103,1610612739,26.6,3.9,8.6,0.48439999999999994,0.38730000000000003,0.7211000000000001,45.7,12.8,6.6,50.0
42400144,2025-04-26 15:30:00+00:00,Memphis,Grizzlies,1610612763,Oklahoma City,Thunder,1610612760,115,117,1610612760,Playoffs,16667.0,242.0,West First Round,Game 4,4.0,42400144,1610612763,23.5,4.1,7.3,0.45,0.35219999999999996,0.8072000000000001,46.9,14.6,-2.6,50.8,42400144,1610612760,25.7,5.5,9.8,0.4746,0.3517,0.7932,45.4,10.1,12.9,53.0
42400174,2025-04-26 18:00:00+00:00,Los Angeles,Clippers,1610612746,Denver,Nuggets,1610612743,99,101,1610612743,Playoffs,17927.0,1000137.0,West First Round,Game 4,4.0,42400174,1610612746,26.6,3.8,8.8,0.5166999999999999,0.4255000000000001,0.7926,41.9,12.4,13.3,55.4,42400174,1610612743,27.5,4.0,7.0,0.4824,0.3268,0.7553,46.5,14.1,-3.1,56.0
42400153,2025-04-26 20:30:00+00:00,Golden State,Warriors,1610612744,Houston,Rockets,1610612745,104,93,1610612744,Playoffs,18064.0,1000011.0,West First Round,Game 3,3.0,42400153,1610612744,27.1,3.4,11.3,0.4572,0.38449999999999995,0.7743,40.8,13.6,5.8,38.6,42400153,1610612745,26.1,4.7,8.4,0.47589999999999993,0.38849999999999996,0.6839999999999999,47.3,12.9,3.7,54.4
42400124,2025-04-27 13:00:00+00:00,Detroit,Pistons,1610612765,New York,Knicks,1610612752,93,94,1610612752,Playoffs,20062.0,624.0,East First Round,Game 4,4.0,42400124,1610612765,24.2,5.9,6.7,0.4643,0.35730000000000006,0.7443000000000001,41.8,13.2,-3.1,48.8,42400124,1610612752,25.6,4.4,9.2,0.47140000000000004,0.3682,0.8115999999999998,38.9,11.7,0.9,48.2
42400164,2025-04-27 15:30:00+00:00,Minnesota,Timberwolves,1610612750,Los Angeles,Lakers,1610612747,116,113,1610612750,Playoffs,19289.0,61.0,West First Round,Game 4,4.0,42400164,1610612750,25.5,5.0,6.4,0.4877000000000001,0.35120000000000007,0.7614,44.5,12.9,9.2,52.6,42400164,1610612747,22.5,4.2,6.8,0.4772,0.39390000000000003,0.7863,40.3,13.5,1.3,40.2
42400114,2025-04-27 19:00:00+00:00,Orlando,Magic,1610612753,Boston,Celtics,1610612738,98,107,1610612738,Playoffs,19073.0,1000125.0,East First Round,Game 4,4.0,42400114,1610612753,23.333333333333332,6.111111111111111,8.444444444444445,0.4656666666666667,0.3458888888888889,0.7435555555555555,43.111111111111114,11.88888888888889,4.666666666666667,42.0,42400114,1610612738,24.2,5.2,7.2,0.45570000000000005,0.3514,0.7717,46.3,12.4,8.2,40.4
42400134,2025-04-27 21:30:00+00:00,Milwaukee,Bucks,1610612749,Indiana,Pacers,1610612754,103,129,1610612754,Playoffs,17855.0,642.0,East First Round,Game 4,4.0,42400134,1610612749,27.6,4.9,6.7,0.522,0.4136000000000001,0.7549,41.6,12.5,6.3,49.2,42400134,1610612754,29.1,7.6,8.3,0.4681,0.3518,0.7829,45.1,9.2,6.0,47.4
42400104,2025-04-28 19:30:00+00:00,Miami,Heat,1610612748,Cleveland,Cavaliers,1610612739,83,138,1610612739,Playoffs,19600.0,1000100.0,East First Round,Game 4,4.0,42400104,1610612748,27.3,4.6,7.0,0.48860000000000003,0.38889999999999997,0.7308,44.7,12.5,0.7,52.4,42400104,1610612739,26.5,3.7,8.2,0.48739999999999994,0.3915,0.7278,45.8,12.7,9.8,49.8
42400154,2025-04-28 22:00:00+00:00,Golden State,Warriors,1610612744,Houston,Rockets,1610612745,109,106,1610612744,Playoffs,18064.0,1000011.0,West First Round,Game 4,4.0,42400154,1610612744,26.7,3.8,11.7,0.45289999999999997,0.37039999999999995,0.7704000000000001,40.7,13.3,6.2,39.4,42400154,1610612745,24.3,4.9,7.5,0.45830000000000004,0.36970000000000003,0.6702999999999999,47.9,13.4,-1.3,51.6
42400135,2025-04-29 18:00:00+00:00,Indiana,Pacers,1610612754,Milwaukee,Bucks,1610612749,119,118,1610612754,Playoffs,17274.0,1000063.0,East First Round,Game 5,5.0,42400135,1610612754,29.8,7.7,7.6,0.4788,0.35710000000000003,0.7975000000000001,45.4,9.7,7.2,48.0,42400135,1610612749,26.9,4.5,6.7,0.49470000000000003,0.3955000000000001,0.744,42.0,11.4,2.7,47.2
42400125,2025-04-29 19:30:00+00:00,New York,Knicks,1610612752,Detroit,Pistons,1610612765,103,106,1610612765,Playoffs,19812.0,30.0,East First Round,Game 5,5.0,42400125,1610612752,25.1,4.5,9.6,0.46440000000000003,0.3831,0.7902999999999999,38.8,11.3,2.9,46.2,42400125,1610612765,24.0,6.1,6.8,0.4668,0.3511,0.7426999999999999,42.9,13.1,-1.6,49.0
42400115,2025-04-29 20:30:00+00:00,Boston,Celtics,1610612738,Orlando,Magic,1610612753,120,89,1610612738,Playoffs,19156.0,17.0,East First Round,Game 5,5.0,42400115,1610612738,23.5,5.3,7.6,0.45450000000000007,0.3524999999999999,0.7842,46.6,12.1,11.2,39.2,42400115,1610612753,23.3,5.9,8.1,0.46230000000000004,0.33799999999999997,0.7392,42.6,11.7,3.3,46.6
42400175,2025-04-29 22:00:00+00:00,Denver,Nuggets,1610612743,Los Angeles,Clippers,1610612746,131,115,1610612743,Playoffs,20005.0,1000046.0,West First Round,Game 5,5.0,42400175,1610612743,27.0,3.7,7.0,0.4737,0.32599999999999996,0.7491000000000001,46.7,13.7,-2.8,54.8,42400175,1610612746,26.4,3.9,8.6,0.5084000000000001,0.4182,0.7806,43.2,12.3,11.5,56.4
42400155,2025-04-30 19:30:00+00:00,Houston,Rockets,1610612745,Golden State,Warriors,1610612744,131,116,1610612745,Playoffs,18055.0,215.0,West First Round,Game 5,5.0,42400155,1610612745,23.5,5.0,7.4,0.46609999999999996,0.3862,0.6492,46.9,13.2,-1.0,51.2,42400155,1610612744,26.9,3.8,11.0,0.44589999999999996,0.36529999999999996,0.7724,40.5,12.8,5.1,38.2
42400165,2025-04-30 22:00:00+00:00,Los Angeles,Lakers,1610612747,Minnesota,Timberwolves,1610612750,96,103,1610612750,Playoffs,18997.0,1000069.0,West First Round,Game 5,5.0,42400165,1610612747,22.5,4.6,6.9,0.4769,0.396,0.7873,40.5,13.7,1.7,39.8,42400165,1610612750,23.9,5.0,6.7,0.48310000000000003,0.3521,0.7722,44.2,12.4,9.4,51.4
42400126,2025-05-01 19:30:00+00:00,Detroit,Pistons,1610612765,New York,Knicks,1610612752,113,116,1610612752,Playoffs,20062.0,624.0,East First Round,Game 6,6.0,42400126,1610612765,23.4,6.3,6.6,0.4631,0.34340000000000004,0.7297,42.7,13.1,-2.5,48.4,42400126,1610612752,23.8,5.0,9.3,0.45409999999999995,0.36740000000000006,0.7653999999999999,39.9,11.3,1.0,46.0
42400176,2025-05-01 22:00:00+00:00,Los Angeles,Clippers,1610612746,Denver,Nuggets,1610612743,111,105,1610612746,Playoffs,17927.0,1000137.0,West First Round,Game 6,6.0,42400176,1610612746,27.0,4.3,8.1,0.5114,0.40940000000000004,0.7699,42.2,12.0,7.6,57.2,42400176,1610612743,27.5,4.0,7.0,0.4899000000000001,0.348,0.7594,44.7,13.4,-0.5,54.6
42400156,2025-05-02 21:00:00+00:00,Golden State,Warriors,1610612744,Houston,Rockets,1610612745,107,115,1610612745,Playoffs,18064.0,1000011.0,West First Round,Game 6,6.0,42400156,1610612744,26.6,4.1,10.8,0.446,0.36219999999999997,0.7861,40.8,12.2,4.6,39.6,42400156,1610612745,22.8,5.1,7.9,0.46740000000000004,0.38730000000000003,0.6702,44.5,13.4,-3.3,50.0
42400177,2025-05-03 19:30:00+00:00,Denver,Nuggets,1610612743,Los Angeles,Clippers,1610612746,120,101,1610612743,Playoffs,19995.0,1000046.0,West First Round,Game 7,7.0,42400177,1610612743,27.1,4.3,6.8,0.48819999999999997,0.35,0.7337999999999999,44.8,12.1,0.3,55.0,42400177,1610612746,26.2,4.9,7.9,0.5051,0.40090000000000003,0.7766,41.2,12.1,5.1,54.2
42400201,2025-05-04 18:00:00+00:00,Cleveland,Cavaliers,1610612739,Indiana,Pacers,1610612754,112,121,1610612754,Playoffs,19432.0,1000144.0,East Conf. Semifinals,Game 1,1.0,42400201,1610612739,26.8,3.8,8.9,0.48889999999999995,0.40590000000000004,0.7301,46.5,12.5,13.4,48.0,42400201,1610612754,28.4,6.4,7.8,0.46770000000000006,0.356,0.8041,44.8,10.2,4.5,46.8
42400157,2025-05-04 20:30:00+00:00,Houston,Rockets,1610612745,Golden State,Warriors,1610612744,89,103,1610612744,Playoffs,18055.0,215.0,West First Round,Game 7,7.0,42400157,1610612745,22.7,5.1,8.1,0.46340000000000003,0.38249999999999995,0.6573,44.3,13.2,-3.9,49.2,42400157,1610612744,26.1,4.4,10.0,0.4387,0.35529999999999995,0.7855000000000001,39.3,12.3,0.0,37.8
42400211,2025-05-05 19:00:00+00:00,Boston,Celtics,1610612738,New York,Knicks,1610612752,105,108,1610612752,Playoffs,19156.0,17.0,East Conf. Semifinals,Game 1,1.0,42400211,1610612738,23.7,5.2,8.0,0.45940000000000003,0.37079999999999996,0.7853000000000001,45.5,12.5,12.3,38.8,42400211,1610612752,22.8,5.1,9.3,0.44769999999999993,0.3578,0.7620999999999999,40.1,11.5,-0.1,45.8
42400221,2025-05-05 21:30:00+00:00,Oklahoma City,Thunder,1610612760,Denver,Nuggets,1610612743,119,121,1610612743,Playoffs,18203.0,1000052.0,West Conf. Semifinals,Game 1,1.0,42400221,1610612760,25.4,5.1,9.9,0.47440000000000004,0.3454,0.7926,44.1,9.9,11.5,52.6,42400221,1610612743,26.2,4.0,7.7,0.4866,0.3621,0.7384999999999999,44.7,12.0,2.7,54.0
42400202,2025-05-06 19:00:00+00:00,Cleveland,Cavaliers,1610612739,Indiana,Pacers,1610612754,119,120,1610612754,Playoffs,19432.0,1000144.0,East Conf. Semifinals,Game 2,2.0,42400202,1610612739,26.2,3.5,9.1,0.4876999999999999,0.3865,0.7308999999999999,46.4,11.7,12.4,51.2,42400202,1610612754,28.0,6.6,7.4,0.4728,0.3747,0.8117000000000001,45.0,11.2,4.9,45.2
42400231,2025-05-06 21:30:00+00:00,Minnesota,Timberwolves,1610612750,Golden State,Warriors,1610612744,88,99,1610612744,Playoffs,19223.0,61.0,West Conf. Semifinals,Game 1,1.0,42400231,1610612750,23.7,4.5,6.9,0.47350000000000003,0.336,0.7782,45.1,11.8,8.6,52.4,42400231,1610612744,25.6,5.0,9.8,0.4444,0.36389999999999995,0.7812,38.6,12.0,1.7,37.8
42400212,2025-05-07 19:00:00+00:00,Boston,Celtics,1610612738,New York,Knicks,1610612752,90,91,1610612752,Playoffs,19156.0,17.0,East Conf. Semifinals,Game 2,2.0,42400212,1610612738,22.2,5.2,7.8,0.4455,0.34959999999999997,0.8032000000000001,45.2,12.5,8.6,38.0,42400212,1610612752,21.9,4.7,9.5,0.4427,0.37479999999999997,0.7543999999999998,39.8,11.6,0.4,43.4
42400222,2025-05-07 21:30:00+00:00,Oklahoma City,Thunder,1610612760,Denver,Nuggets,1610612743,149,106,1610612760,Playoffs,18203.0,1000052.0,West Conf. Semifinals,Game 2,2.0,42400222,1610612760,25.7,5.6,10.4,0.4681,0.3432,0.784,45.1,9.3,12.7,52.6,42400222,1610612743,25.0,4.0,7.6,0.4808,0.35519999999999996,0.7396999999999999,46.5,13.1,2.1,54.2
42400232,2025-05-08 20:30:00+00:00,Minnesota,Timberwolves,1610612750,Golden State,Warriors,1610612744,117,93,1610612750,Playoffs,18978.0,61.0,West Conf. Semifinals,Game 2,2.0,42400232,1610612750,23.4,4.4,7.1,0.46240000000000003,0.3208000000000001,0.7939999999999999,44.5,11.9,7.0,51.8,42400232,1610612744,25.6,4.5,9.3,0.44370000000000004,0.375,0.7857999999999999,39.2,11.8,1.1,37.4
42400203,2025-05-09 19:30:00+00:00,Indiana,Pacers,1610612754,Cleveland,Cavaliers,1610612739,104,126,1610612739,Playoffs,17274.0,1000063.0,East Conf. Semifinals,Game 3,3.0,42400203,1610612754,28.7,7.0,7.4,0.4867000000000001,0.3883,0.8057000000000001,44.5,12.2,4.4,46.6,42400203,1610612739,25.5,3.5,9.1,0.4787,0.38839999999999997,0.7586999999999999,46.8,11.4,13.0,50.0
42400223,2025-05-09 22:00:00+00:00,Denver,Nuggets,1610612743,Oklahoma City,Thunder,1610612760,113,104,1610612743,Playoffs,19993.0,1000046.0,West Conf. Semifinals,Game 3,3.0,42400223,1610612743,23.6,4.4,7.1,0.47030000000000005,0.37489999999999996,0.7404,45.1,13.9,-3.0,49.8,42400223,1610612760,26.8,6.1,10.7,0.48100000000000004,0.3552,0.8007,46.1,9.5,19.7,53.2
42400213,2025-05-10 15:30:00+00:00,New York,Knicks,1610612752,Boston,Celtics,1610612738,93,115,1610612738,Playoffs,19812.0,30.0,East Conf. Semifinals,Game 3,3.0,42400213,1610612752,20.6,4.6,9.5,0.43899999999999995,0.3714,0.7557999999999999,41.0,11.7,1.4,42.8,42400213,1610612738,21.3,5.3,7.9,0.43570000000000003,0.3358,0.8032000000000001,46.5,12.6,8.3,39.2
42400233,2025-05-10 20:30:00+00:00,Golden State,Warriors,1610612744,Minnesota,Timberwolves,1610612750,97,102,1610612750,Playoffs,18064.0,1000011.0,West Conf. Semifinals,Game 3,3.0,42400233,1610612744,24.8,4.1,9.0,0.434,0.3576,0.7715000000000001,40.9,12.0,-0.8,36.6,42400233,1610612750,24.2,4.6,7.7,0.46690000000000004,0.3315,0.7701,44.2,11.8,10.1,52.4
42400224,2025-05-11 15:30:00+00:00,Denver,Nuggets,1610612743,Oklahoma City,Thunder,1610612760,87,92,1610612760,Playoffs,19995.0,1000046.0,West Conf. Semifinals,Game 4,4.0,42400224,1610612743,23.3,4.5,7.3,0.46509999999999996,0.38039999999999996,0.7357,45.3,14.4,-3.6,46.6,42400224,1610612760,26.6,6.2,10.5,0.46950000000000003,0.3323,0.7989,47.1,10.0,17.2,53.2
42400204,2025-05-11 20:00:00+00:00,Indiana,Pacers,1610612754,Cleveland,Cavaliers,1610612739,129,109,1610612754,Playoffs,17274.0,1000063.0,East Conf. Semifinals,Game 4,4.0,42400204,1610612754,28.5,6.7,7.7,0.4843,0.3842,0.8092,43.6,12.6,2.0,47.2,42400204,1610612739,24.4,3.9,8.3,0.4697,0.36819999999999997,0.7729,47.9,11.6,13.0,50.6
42400214,2025-05-12 19:30:00+00:00,New York,Knicks,1610612752,Boston,Celtics,1610612738,121,113,1610612752,Playoffs,19812.0,30.0,East Conf. Semifinals,Game 4,4.0,42400214,1610612752,20.0,4.6,8.7,0.43809999999999993,0.3524,0.7543999999999998,41.8,12.0,-0.2,44.2,42400214,1610612738,21.6,5.6,8.0,0.4449000000000001,0.36829999999999996,0.8081000000000002,46.4,11.9,12.5,38.8
42400234,2025-05-12 22:00:00+00:00,Golden State,Warriors,1610612744,Minnesota,Timberwolves,1610612750,110,117,1610612750,Playoffs,18064.0,1000011.0,West Conf. Semifinals,Game 4,4.0,42400234,1610612744,24.0,4.5,8.3,0.43129999999999996,0.36619999999999997,0.7701,40.6,12.4,-1.8,37.2,42400234,1610612750,24.1,5.0,7.5,0.4556,0.32420000000000004,0.7617999999999999,44.5,12.0,9.0,52.2
42400205,2025-05-13 19:00:00+00:00,Cleveland,Cavaliers,1610612739,Indiana,Pacers,1610612754,105,114,1610612754,Playoffs,19432.0,1000144.0,East Conf. Semifinals,Game 5,5.0,42400205,1610612739,24.0,4.0,8.5,0.46869999999999995,0.36229999999999996,0.7912,47.0,12.7,11.2,49.4,42400205,1610612754,29.8,6.2,7.5,0.49210000000000004,0.3857,0.8234999999999999,42.9,11.9,5.4,48.2
42400225,2025-05-13 21:30:00+00:00,Oklahoma City,Thunder,1610612760,Denver,Nuggets,1610612743,112,105,1610612760,Playoffs,18203.0,1000052.0,West Conf. Semifinals,Game 5,5.0,42400225,1610612760,26.2,6.2,10.3,0.45280000000000004,0.3167,0.7906000000000001,48.2,10.4,16.4,50.8,42400225,1610612743,22.6,4.7,7.1,0.4528,0.3715,0.7301,45.7,14.6,-4.3,43.0
42400215,2025-05-14 19:00:00+00:00,Boston,Celtics,1610612738,New York,Knicks,1610612752,127,102,1610612738,Playoffs,19156.0,17.0,East Conf. Semifinals,Game 5,5.0,42400215,1610612738,19.6,5.0,7.9,0.44140000000000007,0.36069999999999997,0.8062000000000001,44.3,12.1,8.1,38.0,42400215,1610612752,19.8,4.5,8.2,0.44939999999999997,0.3496,0.7408999999999999,42.1,12.1,-0.2,47.0
42400235,2025-05-14 21:30:00+00:00,Minnesota,Timberwolves,1610612750,Golden State,Warriors,1610612744,121,110,1610612750,Playoffs,19395.0,61.0,West Conf. Semifinals,Game 5,5.0,42400235,1610612750,23.6,5.0,7.9,0.4505,0.33580000000000004,0.7744,43.5,12.7,7.1,50.6,42400235,1610612744,23.8,4.5,7.9,0.4274,0.35829999999999995,0.7763,40.8,12.8,-3.5,39.2
42400226,2025-05-15 20:30:00+00:00,Denver,Nuggets,1610612743,Oklahoma City,Thunder,1610612760,119,107,1610612743,Playoffs,19998.0,1000046.0,West Conf. Semifinals,Game 6,6.0,42400226,1610612743,22.3,4.9,7.3,0.44719999999999993,0.356,0.7587999999999999,45.6,14.1,-4.7,44.2,42400226,1610612760,24.4,6.4,9.8,0.4468,0.3128,0.7997,47.8,10.8,13.7,50.4
42400216,2025-05-16 20:00:00+00:00,New York,Knicks,1610612752,Boston,Celtics,1610612738,119,81,1610612752,Playoffs,19812.0,30.0,East Conf. Semifinals,Game 6,6.0,42400216,1610612752,18.9,4.0,7.5,0.43249999999999994,0.35109999999999997,0.7326999999999999,42.5,12.2,-3.8,43.4,42400216,1610612738,20.1,5.6,7.0,0.4549,0.37449999999999994,0.8024000000000001,43.8,11.6,9.9,37.8
42400227,2025-05-18 15:30:00+00:00,Oklahoma City,Thunder,1610612760,Denver,Nuggets,1610612743,125,93,1610612760,Playoffs,18203.0,1000052.0,West Conf. Semifinals,Game 7,7.0,42400227,1610612760,25.3,6.4,10.1,0.45169999999999993,0.3212,0.7733,46.4,10.9,11.0,49.6,42400227,1610612743,23.0,5.2,7.7,0.4534000000000001,0.3665999999999999,0.7732,47.0,13.9,-0.1,45.2
42400311,2025-05-20 20:30:00+00:00,Oklahoma City,Thunder,1610612760,Minnesota,Timberwolves,1610612750,114,88,1610612760,Playoffs,18203.0,1000052.0,West Conf. Finals,Game 1,1.0,42400311,1610612760,24.5,5.9,10.5,0.4502,0.31660000000000005,0.7592,45.4,10.3,9.1,50.0,42400311,1610612750,24.9,4.5,8.1,0.4664,0.34750000000000003,0.7723,42.0,13.4,7.1,51.6
42400301,2025-05-21 20:00:00+00:00,New York,Knicks,1610612752,Indiana,Pacers,1610612754,135,138,1610612754,Playoffs,19812.0,30.0,East Conf. Finals,Game 1,1.0,42400301,1610612752,19.9,4.5,7.4,0.4366999999999999,0.3581,0.7389999999999999,44.6,12.2,0.6,44.2,42400301,1610612754,29.7,6.0,6.8,0.5018,0.4048,0.8099000000000001,41.5,11.9,5.5,45.0
42400312,2025-05-22 20:30:00+00:00,Oklahoma City,Thunder,1610612760,Minnesota,Timberwolves,1610612750,118,103,1610612760,Playoffs,18203.0,1000052.0,West Conf. Finals,Game 2,2.0,42400312,1610612760,25.1,5.4,11.0,0.4569,0.3357,0.7587,44.5,10.8,9.8,50.0,42400312,1610612750,23.8,4.8,7.8,0.45010000000000006,0.3269,0.7636999999999999,41.8,14.1,2.3,49.2
42400302,2025-05-23 20:00:00+00:00,New York,Knicks,1610612752,Indiana,Pacers,1610612754,109,114,1610612754,Playoffs,19812.0,30.0,East Conf. Finals,Game 2,2.0,42400302,1610612752,20.1,4.6,7.0,0.4412999999999999,0.35300000000000004,0.7192999999999999,45.2,12.8,0.1,45.8,42400302,1610612754,29.5,5.7,6.8,0.5009,0.4071000000000001,0.808,41.1,12.1,3.9,46.8
42400313,2025-05-24 20:30:00+00:00,Minnesota,Timberwolves,1610612750,Oklahoma City,Thunder,1610612760,143,101,1610612750,Playoffs,19112.0,61.0,West Conf. Finals,Game 3,3.0,42400313,1610612750,24.4,5.3,7.4,0.4535,0.33510000000000006,0.7605999999999999,42.5,14.4,1.7,49.0,42400313,1610612760,25.7,5.3,10.9,0.46159999999999995,0.3288,0.7682,44.4,10.3,10.7,51.8
42400303,2025-05-25 20:00:00+00:00,Indiana,Pacers,1610612754,New York,Knicks,1610612752,100,106,1610612752,Playoffs,17274.0,1000063.0,East Conf. Finals,Game 3,3.0,42400303,1610612754,29.1,5.7,6.6,0.5038,0.40599999999999997,0.7794000000000001,40.5,12.3,3.6,47.0,42400303,1610612752,20.0,4.7,6.5,0.45149999999999996,0.3419,0.7438999999999998,45.2,13.0,-0.5,47.0
42400314,2025-05-26 20:30:00+00:00,Minnesota,Timberwolves,1610612750,Oklahoma City,Thunder,1610612760,126,128,1610612760,Playoffs,19250.0,61.0,West Conf. Finals,Game 4,4.0,42400314,1610612750,25.0,5.1,7.0,0.46240000000000003,0.34900000000000003,0.7657,43.7,14.6,4.7,49.0,42400314,1610612760,25.4,4.9,10.1,0.4587,0.3406,0.7777000000000001,44.2,10.9,6.3,50.6
42400304,2025-05-27 20:00:00+00:00,Indiana,Pacers,1610612754,New York,Knicks,1610612752,130,121,1610612754,Playoffs,17274.0,1000063.0,East Conf. Finals,Game 4,4.0,42400304,1610612754,28.0,5.7,6.7,0.5047,0.3943,0.7843,40.3,12.1,4.6,46.8,42400304,1610612752,19.4,4.1,6.7,0.45179999999999987,0.34029999999999994,0.7745999999999998,44.0,13.1,0.4,45.8
42400315,2025-05-28 20:30:00+00:00,Oklahoma City,Thunder,1610612760,Minnesota,Timberwolves,1610612750,124,94,1610612760,Playoffs,18203.0,1000052.0,West Conf. Finals,Game 5,5.0,42400315,1610612760,24.9,4.3,10.3,0.46719999999999995,0.3489,0.7825,43.5,11.4,6.7,50.0,42400315,1610612750,26.1,5.2,7.0,0.47139999999999993,0.35400000000000004,0.7655,42.9,15.8,4.2,48.8
42400305,2025-05-29 20:00:00+00:00,New York,Knicks,1610612752,Indiana,Pacers,1610612754,111,94,1610612752,Playoffs,19812.0,30.0,East Conf. Finals,Game 5,5.0,42400305,1610612752,19.3,4.1,6.8,0.45039999999999997,0.3499,0.7791999999999999,44.1,13.2,-0.8,45.4,42400305,1610612754,27.3,5.4,7.5,0.49560000000000004,0.3887,0.7840999999999999,39.5,12.1,2.9,46.8
42400306,2025-05-31 20:00:00+00:00,Indiana,Pacers,1610612754,New York,Knicks,1610612752,125,108,1610612754,Playoffs,17274.0,1000063.0,East Conf. Finals,Game 6,6.0,42400306,1610612754,26.9,5.7,7.5,0.4899000000000001,0.3856,0.7918999999999999,39.0,12.9,1.1,45.2,42400306,1610612752,19.6,4.2,6.9,0.45730000000000004,0.3316,0.7925999999999999,43.7,13.5,0.6,47.8
42400401,2025-06-05 20:30:00+00:00,Oklahoma City,Thunder,1610612760,Indiana,Pacers,1610612754,110,111,1610612754,Playoffs,18203.0,1000052.0,NBA Finals,Game 1,1.0,42400401,1610612760,24.4,4.3,10.5,0.46329999999999993,0.34450000000000003,0.7765000000000001,43.7,11.9,5.4,50.2,42400401,1610612754,26.9,5.7,7.9,0.491,0.3843,0.7827999999999999,38.3,12.5,1.9,46.4
42400402,2025-06-08 20:00:00+00:00,Oklahoma City,Thunder,1610612760,Indiana,Pacers,1610612754,123,107,1610612760,Playoffs,18203.0,1000052.0,NBA Finals,Game 2,2.0,42400402,1610612760,23.3,4.3,11.2,0.4646,0.3555,0.7958000000000001,42.2,11.4,6.2,49.2,42400402,1610612754,26.5,5.5,7.3,0.4868,0.39120000000000005,0.7817999999999999,39.5,13.2,1.9,44.8
42400403,2025-06-11 20:30:00+00:00,Indiana,Pacers,1610612754,Oklahoma City,Thunder,1610612760,116,107,1610612754,Playoffs,17274.0,1000063.0,NBA Finals,Game 3,3.0,42400403,1610612754,26.6,5.3,7.6,0.48810000000000003,0.3962,0.7814,39.3,13.4,2.5,43.4,42400403,1610612760,23.8,4.5,11.3,0.47779999999999995,0.37,0.8068,41.0,11.3,7.3,50.4
42400404,2025-06-13 20:30:00+00:00,Indiana,Pacers,1610612754,Oklahoma City,Thunder,1610612760,104,111,1610612760,Playoffs,17274.0,1000063.0,NBA Finals,Game 4,4.0,42400404,1610612754,25.3,6.2,8.3,0.4872000000000001,0.3866,0.7878,39.2,13.7,1.4,42.6,42400404,1610612760,23.1,4.3,11.2,0.47459999999999997,0.3741,0.8051999999999999,40.9,11.6,5.7,50.2
42400405,2025-06-16 20:30:00+00:00,Oklahoma City,Thunder,1610612760,Indiana,Pacers,1610612754,120,109,1610612760,Playoffs,18203.0,1000052.0,NBA Finals,Game 5,5.0,42400405,1610612760,21.7,4.2,11.3,0.4753,0.3654,0.8322,41.2,11.8,7.6,50.0,42400405,1610612754,24.8,5.7,8.6,0.47969999999999996,0.37429999999999997,0.7863,37.8,13.9,-0.2,41.8
42400406,2025-06-19 20:30:00+00:00,Indiana,Pacers,1610612754,Oklahoma City,Thunder,1610612760,108,91,1610612754,Playoffs,17274.0,1000063.0,NBA Finals,Game 6,6.0,42400406,1610612754,24.5,5.8,8.9,0.47380000000000005,0.3705,0.7913,38.9,15.4,-1.6,41.6,42400406,1610612760,21.3,5.1,11.2,0.4689,0.37839999999999996,0.8343,41.3,12.0,5.5,47.8
42400407,2025-06-22 20:00:00+00:00,Oklahoma City,Thunder,1610612760,Indiana,Pacers,1610612754,103,91,1610612760,Playoffs,18203.0,1000052.0,NBA Finals,Game 7,7.0,42400407,1610612760,20.0,5.2,10.3,0.4608,0.35269999999999996,0.8343,40.8,12.9,1.2,46.4,42400407,1610612754,24.2,6.0,9.9,0.4633,0.36290000000000006,0.7878999999999999,40.3,15.4,-0.4,39.8
